,TIMESTAMP,user login ID,username,user login count
0,2020-03-12 08:51:19.996458,YY36814071688374169429802CI,y_khanna,0
1,2020-03-12 10:39:29.150694,BC18018600741214630394105RF,y_khanna,1
2,2020-03-12 10:40:13.922014,YD21202518558161986192909NE,y_khanna,2
3,2020-03-12 11:22:55.968463,SW86775457493375482638777MA,y_khanna,3
4,2020-03-12 22:11:45.993161,PH71870134876155414190698QI,udai252525,0
5,2020-03-12 22:13:08.788632,PQ94647936875905632869386TT,udai252525,1
6,2020-03-12 22:14:14.329816,UZ46883548511214209650931IZ,udai252525,2
7,2020-03-12 23:13:02.058799,GE92352501842953336216325FT,y_khanna,4
8,2020-07-26 21:47:07.885431,ND53350139843802499955018MY,y_khanna,5
9,2020-07-31 12:43:34.833128,PC95669019243865104027131YW,y_khanna,6
10,2021-06-23 16:34:46.239382,XE26398743211734844954313AZ,sseth,0
11,2021-09-01 18:03:43.595985,WB24008969881857709906980RS,gm,0
12,2021-11-24 03:17:01.898748,PY99982350918004713489113CW,y_khanna,7
13,2022-12-08 02:41:53.647214,RE5477339718936325767621BP,y_khanna,8
14,2022-12-08 02:45:49.848563,JN97696280594555081128150MO,y_khanna,9
